[
  {
    "source": 1,
    "target": 2,
    "type": "evolves_into"
  },
  {
    "source": 2,
    "target": 3,
    "type": "evolves_into"
  },
  {
    "source": 3,
    "target": 4,
    "type": "evolves_into"
  },
  {
    "source": 4,
    "target": 5,
    "type": "evolves_into"
  },
  {
    "source": 5,
    "target": 6,
    "type": "evolves_into"
  },
  {
    "source": 6,
    "target": 7,
    "type": "evolves_into"
  },
  {
    "source": 7,
    "target": 8,
    "type": "evolves_into"
  },
  {
    "source": 8,
    "target": 9,
    "type": "evolves_into"
  },
  {
    "source": 9,
    "target": 10,
    "type": "evolves_into"
  },
  {
    "source": 10,
    "target": 11,
    "type": "evolves_into"
  },
  {
    "source": 11,
    "target": 12,
    "type": "evolves_into"
  },
  {
    "source": 12,
    "target": 13,
    "type": "evolves_into"
  },
  {
    "source": 13,
    "target": 14,
    "type": "evolves_into"
  },
  {
    "source": 14,
    "target": 15,
    "type": "evolves_into"
  },
  {
    "source": 15,
    "target": 16,
    "type": "evolves_into"
  },
  {
    "source": 16,
    "target": 17,
    "type": "evolves_into"
  },
  {
    "source": 17,
    "target": 18,
    "type": "evolves_into"
  },
  {
    "source": 18,
    "target": 19,
    "type": "evolves_into"
  },
  {
    "source": 19,
    "target": 20,
    "type": "evolves_into"
  },
  {
    "source": 20,
    "target": 21,
    "type": "evolves_into"
  },
  {
    "source": 21,
    "target": 22,
    "type": "evolves_into"
  },
  {
    "source": 22,
    "target": 23,
    "type": "evolves_into"
  },
  {
    "source": 23,
    "target": 24,
    "type": "evolves_into"
  },
  {
    "source": 24,
    "target": 25,
    "type": "evolves_into"
  },
  {
    "source": 25,
    "target": 26,
    "type": "evolves_into"
  },
  {
    "source": 26,
    "target": 27,
    "type": "evolves_into"
  },
  {
    "source": 27,
    "target": 28,
    "type": "evolves_into"
  },
  {
    "source": 28,
    "target": 29,
    "type": "evolves_into"
  },
  {
    "source": 29,
    "target": 30,
    "type": "evolves_into"
  },
  {
    "source": 30,
    "target": 31,
    "type": "evolves_into"
  },
  {
    "source": 31,
    "target": 32,
    "type": "evolves_into"
  },
  {
    "source": 32,
    "target": 33,
    "type": "evolves_into"
  },
  {
    "source": 33,
    "target": 34,
    "type": "evolves_into"
  },
  {
    "source": 34,
    "target": 35,
    "type": "evolves_into"
  },
  {
    "source": 35,
    "target": 36,
    "type": "evolves_into"
  },
  {
    "source": 36,
    "target": 37,
    "type": "evolves_into"
  },
  {
    "source": 37,
    "target": 38,
    "type": "evolves_into"
  },
  {
    "source": 38,
    "target": 39,
    "type": "evolves_into"
  },
  {
    "source": 39,
    "target": 40,
    "type": "evolves_into"
  },
  {
    "source": 40,
    "target": 41,
    "type": "evolves_into"
  },
  {
    "source": 41,
    "target": 42,
    "type": "evolves_into"
  },
  {
    "source": 42,
    "target": 43,
    "type": "evolves_into"
  },
  {
    "source": 43,
    "target": 44,
    "type": "evolves_into"
  },
  {
    "source": 44,
    "target": 45,
    "type": "evolves_into"
  },
  {
    "source": 45,
    "target": 46,
    "type": "evolves_into"
  },
  {
    "source": 46,
    "target": 47,
    "type": "evolves_into"
  },
  {
    "source": 47,
    "target": 48,
    "type": "evolves_into"
  },
  {
    "source": 48,
    "target": 49,
    "type": "evolves_into"
  },
  {
    "source": 49,
    "target": 50,
    "type": "evolves_into"
  },
  {
    "source": 50,
    "target": 51,
    "type": "evolves_into"
  },
  {
    "source": 51,
    "target": 52,
    "type": "evolves_into"
  },
  {
    "source": 52,
    "target": 53,
    "type": "evolves_into"
  },
  {
    "source": 53,
    "target": 54,
    "type": "evolves_into"
  },
  {
    "source": 54,
    "target": 55,
    "type": "evolves_into"
  },
  {
    "source": 55,
    "target": 56,
    "type": "evolves_into"
  },
  {
    "source": 56,
    "target": 57,
    "type": "evolves_into"
  },
  {
    "source": 57,
    "target": 58,
    "type": "evolves_into"
  },
  {
    "source": 58,
    "target": 59,
    "type": "evolves_into"
  },
  {
    "source": 59,
    "target": 60,
    "type": "evolves_into"
  },
  {
    "source": 60,
    "target": 61,
    "type": "evolves_into"
  },
  {
    "source": 61,
    "target": 62,
    "type": "evolves_into"
  },
  {
    "source": 62,
    "target": 63,
    "type": "evolves_into"
  },
  {
    "source": 63,
    "target": 64,
    "type": "evolves_into"
  },
  {
    "source": 64,
    "target": 65,
    "type": "evolves_into"
  },
  {
    "source": 65,
    "target": 66,
    "type": "evolves_into"
  },
  {
    "source": 66,
    "target": 67,
    "type": "evolves_into"
  },
  {
    "source": 67,
    "target": 68,
    "type": "evolves_into"
  },
  {
    "source": 68,
    "target": 69,
    "type": "evolves_into"
  },
  {
    "source": 69,
    "target": 70,
    "type": "evolves_into"
  },
  {
    "source": 70,
    "target": 71,
    "type": "evolves_into"
  },
  {
    "source": 71,
    "target": 72,
    "type": "evolves_into"
  },
  {
    "source": 72,
    "target": 73,
    "type": "evolves_into"
  },
  {
    "source": 73,
    "target": 74,
    "type": "evolves_into"
  },
  {
    "source": 74,
    "target": 75,
    "type": "evolves_into"
  },
  {
    "source": 75,
    "target": 76,
    "type": "evolves_into"
  },
  {
    "source": 76,
    "target": 77,
    "type": "evolves_into"
  },
  {
    "source": 77,
    "target": 78,
    "type": "evolves_into"
  },
  {
    "source": 78,
    "target": 79,
    "type": "evolves_into"
  },
  {
    "source": 79,
    "target": 80,
    "type": "evolves_into"
  },
  {
    "source": 80,
    "target": 81,
    "type": "evolves_into"
  },
  {
    "source": 81,
    "target": 82,
    "type": "evolves_into"
  },
  {
    "source": 82,
    "target": 83,
    "type": "evolves_into"
  },
  {
    "source": 83,
    "target": 84,
    "type": "evolves_into"
  },
  {
    "source": 84,
    "target": 85,
    "type": "evolves_into"
  },
  {
    "source": 85,
    "target": 86,
    "type": "evolves_into"
  },
  {
    "source": 86,
    "target": 87,
    "type": "evolves_into"
  },
  {
    "source": 87,
    "target": 88,
    "type": "evolves_into"
  },
  {
    "source": 88,
    "target": 89,
    "type": "evolves_into"
  },
  {
    "source": 89,
    "target": 90,
    "type": "evolves_into"
  },
  {
    "source": 90,
    "target": 91,
    "type": "evolves_into"
  },
  {
    "source": 91,
    "target": 92,
    "type": "evolves_into"
  },
  {
    "source": 92,
    "target": 93,
    "type": "evolves_into"
  },
  {
    "source": 93,
    "target": 94,
    "type": "evolves_into"
  },
  {
    "source": 94,
    "target": 95,
    "type": "evolves_into"
  },
  {
    "source": 95,
    "target": 96,
    "type": "evolves_into"
  },
  {
    "source": 96,
    "target": 97,
    "type": "evolves_into"
  },
  {
    "source": 97,
    "target": 98,
    "type": "evolves_into"
  },
  {
    "source": 98,
    "target": 99,
    "type": "evolves_into"
  },
  {
    "source": 99,
    "target": 100,
    "type": "evolves_into"
  },
  {
    "source": 100,
    "target": 101,
    "type": "evolves_into"
  },
  {
    "source": 101,
    "target": 102,
    "type": "evolves_into"
  },
  {
    "source": 102,
    "target": 103,
    "type": "evolves_into"
  },
  {
    "source": 103,
    "target": 104,
    "type": "evolves_into"
  },
  {
    "source": 104,
    "target": 105,
    "type": "evolves_into"
  },
  {
    "source": 105,
    "target": 106,
    "type": "evolves_into"
  },
  {
    "source": 106,
    "target": 107,
    "type": "evolves_into"
  },
  {
    "source": 107,
    "target": 108,
    "type": "evolves_into"
  },
  {
    "source": 108,
    "target": 109,
    "type": "evolves_into"
  },
  {
    "source": 109,
    "target": 110,
    "type": "evolves_into"
  },
  {
    "source": 110,
    "target": 111,
    "type": "evolves_into"
  },
  {
    "source": 111,
    "target": 112,
    "type": "evolves_into"
  },
  {
    "source": 112,
    "target": 113,
    "type": "evolves_into"
  },
  {
    "source": 113,
    "target": 114,
    "type": "evolves_into"
  },
  {
    "source": 114,
    "target": 115,
    "type": "evolves_into"
  },
  {
    "source": 115,
    "target": 116,
    "type": "evolves_into"
  },
  {
    "source": 116,
    "target": 117,
    "type": "evolves_into"
  },
  {
    "source": 117,
    "target": 118,
    "type": "evolves_into"
  },
  {
    "source": 118,
    "target": 119,
    "type": "evolves_into"
  },
  {
    "source": 119,
    "target": 120,
    "type": "evolves_into"
  },
  {
    "source": 120,
    "target": 121,
    "type": "evolves_into"
  },
  {
    "source": 121,
    "target": 122,
    "type": "evolves_into"
  },
  {
    "source": 122,
    "target": 123,
    "type": "evolves_into"
  },
  {
    "source": 123,
    "target": 124,
    "type": "evolves_into"
  },
  {
    "source": 124,
    "target": 125,
    "type": "evolves_into"
  },
  {
    "source": 125,
    "target": 126,
    "type": "evolves_into"
  },
  {
    "source": 126,
    "target": 127,
    "type": "evolves_into"
  },
  {
    "source": 127,
    "target": 128,
    "type": "evolves_into"
  },
  {
    "source": 128,
    "target": 129,
    "type": "evolves_into"
  },
  {
    "source": 129,
    "target": 130,
    "type": "evolves_into"
  },
  {
    "source": 130,
    "target": 131,
    "type": "evolves_into"
  },
  {
    "source": 131,
    "target": 132,
    "type": "evolves_into"
  },
  {
    "source": 132,
    "target": 133,
    "type": "evolves_into"
  },
  {
    "source": 133,
    "target": 134,
    "type": "evolves_into"
  },
  {
    "source": 134,
    "target": 135,
    "type": "evolves_into"
  },
  {
    "source": 135,
    "target": 136,
    "type": "evolves_into"
  },
  {
    "source": 136,
    "target": 137,
    "type": "evolves_into"
  },
  {
    "source": 137,
    "target": 138,
    "type": "evolves_into"
  },
  {
    "source": 138,
    "target": 139,
    "type": "evolves_into"
  },
  {
    "source": 139,
    "target": 140,
    "type": "evolves_into"
  },
  {
    "source": 140,
    "target": 141,
    "type": "evolves_into"
  },
  {
    "source": 141,
    "target": 142,
    "type": "evolves_into"
  },
  {
    "source": 142,
    "target": 143,
    "type": "evolves_into"
  },
  {
    "source": 143,
    "target": 144,
    "type": "evolves_into"
  },
  {
    "source": 144,
    "target": 145,
    "type": "evolves_into"
  },
  {
    "source": 145,
    "target": 146,
    "type": "evolves_into"
  },
  {
    "source": 146,
    "target": 147,
    "type": "evolves_into"
  },
  {
    "source": 147,
    "target": 148,
    "type": "evolves_into"
  },
  {
    "source": 148,
    "target": 149,
    "type": "evolves_into"
  },
  {
    "source": 149,
    "target": 150,
    "type": "evolves_into"
  },
  {
    "source": 150,
    "target": 151,
    "type": "evolves_into"
  },
  {
    "source": 151,
    "target": 152,
    "type": "evolves_into"
  },
  {
    "source": 152,
    "target": 153,
    "type": "evolves_into"
  },
  {
    "source": 153,
    "target": 154,
    "type": "evolves_into"
  },
  {
    "source": 154,
    "target": 155,
    "type": "evolves_into"
  },
  {
    "source": 155,
    "target": 156,
    "type": "evolves_into"
  },
  {
    "source": 156,
    "target": 157,
    "type": "evolves_into"
  },
  {
    "source": 157,
    "target": 158,
    "type": "evolves_into"
  },
  {
    "source": 158,
    "target": 159,
    "type": "evolves_into"
  },
  {
    "source": 159,
    "target": 160,
    "type": "evolves_into"
  },
  {
    "source": 160,
    "target": 161,
    "type": "evolves_into"
  },
  {
    "source": 161,
    "target": 162,
    "type": "evolves_into"
  },
  {
    "source": 162,
    "target": 163,
    "type": "evolves_into"
  },
  {
    "source": 163,
    "target": 164,
    "type": "evolves_into"
  },
  {
    "source": 164,
    "target": 165,
    "type": "evolves_into"
  },
  {
    "source": 165,
    "target": 166,
    "type": "evolves_into"
  },
  {
    "source": 166,
    "target": 167,
    "type": "evolves_into"
  },
  {
    "source": 167,
    "target": 168,
    "type": "evolves_into"
  },
  {
    "source": 168,
    "target": 169,
    "type": "evolves_into"
  },
  {
    "source": 169,
    "target": 170,
    "type": "evolves_into"
  },
  {
    "source": 170,
    "target": 171,
    "type": "evolves_into"
  },
  {
    "source": 171,
    "target": 172,
    "type": "evolves_into"
  },
  {
    "source": 172,
    "target": 173,
    "type": "evolves_into"
  },
  {
    "source": 173,
    "target": 174,
    "type": "evolves_into"
  },
  {
    "source": 174,
    "target": 175,
    "type": "evolves_into"
  },
  {
    "source": 175,
    "target": 176,
    "type": "evolves_into"
  },
  {
    "source": 176,
    "target": 177,
    "type": "evolves_into"
  },
  {
    "source": 177,
    "target": 178,
    "type": "evolves_into"
  },
  {
    "source": 178,
    "target": 179,
    "type": "evolves_into"
  },
  {
    "source": 179,
    "target": 180,
    "type": "evolves_into"
  },
  {
    "source": 180,
    "target": 181,
    "type": "evolves_into"
  },
  {
    "source": 181,
    "target": 182,
    "type": "evolves_into"
  },
  {
    "source": 182,
    "target": 183,
    "type": "evolves_into"
  },
  {
    "source": 183,
    "target": 184,
    "type": "evolves_into"
  },
  {
    "source": 184,
    "target": 185,
    "type": "evolves_into"
  },
  {
    "source": 185,
    "target": 186,
    "type": "evolves_into"
  },
  {
    "source": 186,
    "target": 187,
    "type": "evolves_into"
  },
  {
    "source": 187,
    "target": 188,
    "type": "evolves_into"
  },
  {
    "source": 188,
    "target": 189,
    "type": "evolves_into"
  },
  {
    "source": 189,
    "target": 190,
    "type": "evolves_into"
  },
  {
    "source": 190,
    "target": 191,
    "type": "evolves_into"
  },
  {
    "source": 191,
    "target": 192,
    "type": "evolves_into"
  },
  {
    "source": 192,
    "target": 193,
    "type": "evolves_into"
  },
  {
    "source": 193,
    "target": 194,
    "type": "evolves_into"
  },
  {
    "source": 194,
    "target": 195,
    "type": "evolves_into"
  },
  {
    "source": 195,
    "target": 196,
    "type": "evolves_into"
  },
  {
    "source": 196,
    "target": 197,
    "type": "evolves_into"
  },
  {
    "source": 197,
    "target": 198,
    "type": "evolves_into"
  },
  {
    "source": 198,
    "target": 199,
    "type": "evolves_into"
  },
  {
    "source": 199,
    "target": 200,
    "type": "evolves_into"
  },
  {
    "source": 200,
    "target": 201,
    "type": "evolves_into"
  },
  {
    "source": 201,
    "target": 202,
    "type": "evolves_into"
  },
  {
    "source": 202,
    "target": 203,
    "type": "evolves_into"
  },
  {
    "source": 203,
    "target": 204,
    "type": "evolves_into"
  },
  {
    "source": 204,
    "target": 205,
    "type": "evolves_into"
  },
  {
    "source": 205,
    "target": 206,
    "type": "evolves_into"
  },
  {
    "source": 206,
    "target": 207,
    "type": "evolves_into"
  },
  {
    "source": 207,
    "target": 208,
    "type": "evolves_into"
  },
  {
    "source": 208,
    "target": 209,
    "type": "evolves_into"
  },
  {
    "source": 209,
    "target": 210,
    "type": "evolves_into"
  },
  {
    "source": 210,
    "target": 211,
    "type": "evolves_into"
  },
  {
    "source": 211,
    "target": 212,
    "type": "evolves_into"
  },
  {
    "source": 212,
    "target": 213,
    "type": "evolves_into"
  },
  {
    "source": 213,
    "target": 214,
    "type": "evolves_into"
  },
  {
    "source": 214,
    "target": 215,
    "type": "evolves_into"
  },
  {
    "source": 215,
    "target": 216,
    "type": "evolves_into"
  },
  {
    "source": 216,
    "target": 217,
    "type": "evolves_into"
  },
  {
    "source": 217,
    "target": 218,
    "type": "evolves_into"
  },
  {
    "source": 218,
    "target": 219,
    "type": "evolves_into"
  },
  {
    "source": 219,
    "target": 220,
    "type": "evolves_into"
  },
  {
    "source": 220,
    "target": 221,
    "type": "evolves_into"
  },
  {
    "source": 221,
    "target": 222,
    "type": "evolves_into"
  },
  {
    "source": 222,
    "target": 223,
    "type": "evolves_into"
  },
  {
    "source": 223,
    "target": 224,
    "type": "evolves_into"
  },
  {
    "source": 224,
    "target": 225,
    "type": "evolves_into"
  },
  {
    "source": 225,
    "target": 226,
    "type": "evolves_into"
  },
  {
    "source": 226,
    "target": 227,
    "type": "evolves_into"
  },
  {
    "source": 227,
    "target": 228,
    "type": "evolves_into"
  },
  {
    "source": 228,
    "target": 229,
    "type": "evolves_into"
  },
  {
    "source": 229,
    "target": 230,
    "type": "evolves_into"
  },
  {
    "source": 230,
    "target": 231,
    "type": "evolves_into"
  },
  {
    "source": 231,
    "target": 232,
    "type": "evolves_into"
  },
  {
    "source": 232,
    "target": 233,
    "type": "evolves_into"
  },
  {
    "source": 233,
    "target": 234,
    "type": "evolves_into"
  },
  {
    "source": 234,
    "target": 235,
    "type": "evolves_into"
  },
  {
    "source": 235,
    "target": 236,
    "type": "evolves_into"
  },
  {
    "source": 236,
    "target": 237,
    "type": "evolves_into"
  },
  {
    "source": 237,
    "target": 238,
    "type": "evolves_into"
  },
  {
    "source": 238,
    "target": 239,
    "type": "evolves_into"
  },
  {
    "source": 239,
    "target": 240,
    "type": "evolves_into"
  },
  {
    "source": 240,
    "target": 241,
    "type": "evolves_into"
  },
  {
    "source": 241,
    "target": 242,
    "type": "evolves_into"
  },
  {
    "source": 242,
    "target": 243,
    "type": "evolves_into"
  },
  {
    "source": 243,
    "target": 244,
    "type": "evolves_into"
  },
  {
    "source": 244,
    "target": 245,
    "type": "evolves_into"
  },
  {
    "source": 245,
    "target": 246,
    "type": "evolves_into"
  },
  {
    "source": 246,
    "target": 247,
    "type": "evolves_into"
  },
  {
    "source": 247,
    "target": 248,
    "type": "evolves_into"
  },
  {
    "source": 248,
    "target": 249,
    "type": "evolves_into"
  },
  {
    "source": 249,
    "target": 250,
    "type": "evolves_into"
  },
  {
    "source": 250,
    "target": 251,
    "type": "evolves_into"
  },
  {
    "source": 251,
    "target": 252,
    "type": "evolves_into"
  },
  {
    "source": 252,
    "target": 253,
    "type": "evolves_into"
  },
  {
    "source": 253,
    "target": 254,
    "type": "evolves_into"
  },
  {
    "source": 254,
    "target": 255,
    "type": "evolves_into"
  },
  {
    "source": 255,
    "target": 256,
    "type": "evolves_into"
  },
  {
    "source": 256,
    "target": 257,
    "type": "evolves_into"
  },
  {
    "source": 257,
    "target": 258,
    "type": "evolves_into"
  },
  {
    "source": 258,
    "target": 259,
    "type": "evolves_into"
  },
  {
    "source": 259,
    "target": 260,
    "type": "evolves_into"
  },
  {
    "source": 260,
    "target": 261,
    "type": "evolves_into"
  },
  {
    "source": 261,
    "target": 262,
    "type": "evolves_into"
  },
  {
    "source": 262,
    "target": 263,
    "type": "evolves_into"
  },
  {
    "source": 263,
    "target": 264,
    "type": "evolves_into"
  },
  {
    "source": 264,
    "target": 265,
    "type": "evolves_into"
  },
  {
    "source": 265,
    "target": 266,
    "type": "evolves_into"
  },
  {
    "source": 266,
    "target": 267,
    "type": "evolves_into"
  },
  {
    "source": 267,
    "target": 268,
    "type": "evolves_into"
  },
  {
    "source": 268,
    "target": 269,
    "type": "evolves_into"
  },
  {
    "source": 269,
    "target": 270,
    "type": "evolves_into"
  },
  {
    "source": 270,
    "target": 271,
    "type": "evolves_into"
  },
  {
    "source": 271,
    "target": 272,
    "type": "evolves_into"
  },
  {
    "source": 272,
    "target": 273,
    "type": "evolves_into"
  },
  {
    "source": 273,
    "target": 274,
    "type": "evolves_into"
  },
  {
    "source": 274,
    "target": 275,
    "type": "evolves_into"
  },
  {
    "source": 275,
    "target": 276,
    "type": "evolves_into"
  },
  {
    "source": 276,
    "target": 277,
    "type": "evolves_into"
  },
  {
    "source": 277,
    "target": 278,
    "type": "evolves_into"
  },
  {
    "source": 278,
    "target": 279,
    "type": "evolves_into"
  },
  {
    "source": 279,
    "target": 280,
    "type": "evolves_into"
  },
  {
    "source": 280,
    "target": 281,
    "type": "evolves_into"
  },
  {
    "source": 281,
    "target": 282,
    "type": "evolves_into"
  },
  {
    "source": 282,
    "target": 283,
    "type": "evolves_into"
  },
  {
    "source": 283,
    "target": 284,
    "type": "evolves_into"
  },
  {
    "source": 284,
    "target": 285,
    "type": "evolves_into"
  },
  {
    "source": 285,
    "target": 286,
    "type": "evolves_into"
  },
  {
    "source": 286,
    "target": 287,
    "type": "evolves_into"
  },
  {
    "source": 287,
    "target": 288,
    "type": "evolves_into"
  },
  {
    "source": 288,
    "target": 289,
    "type": "evolves_into"
  },
  {
    "source": 289,
    "target": 290,
    "type": "evolves_into"
  },
  {
    "source": 290,
    "target": 291,
    "type": "evolves_into"
  },
  {
    "source": 291,
    "target": 292,
    "type": "evolves_into"
  },
  {
    "source": 292,
    "target": 293,
    "type": "evolves_into"
  },
  {
    "source": 293,
    "target": 294,
    "type": "evolves_into"
  },
  {
    "source": 294,
    "target": 295,
    "type": "evolves_into"
  },
  {
    "source": 295,
    "target": 296,
    "type": "evolves_into"
  },
  {
    "source": 296,
    "target": 297,
    "type": "evolves_into"
  },
  {
    "source": 297,
    "target": 298,
    "type": "evolves_into"
  },
  {
    "source": 298,
    "target": 299,
    "type": "evolves_into"
  },
  {
    "source": 299,
    "target": 300,
    "type": "evolves_into"
  },
  {
    "source": 300,
    "target": 301,
    "type": "evolves_into"
  },
  {
    "source": 301,
    "target": 302,
    "type": "evolves_into"
  },
  {
    "source": 302,
    "target": 303,
    "type": "evolves_into"
  },
  {
    "source": 303,
    "target": 304,
    "type": "evolves_into"
  },
  {
    "source": 304,
    "target": 305,
    "type": "evolves_into"
  },
  {
    "source": 305,
    "target": 306,
    "type": "evolves_into"
  },
  {
    "source": 306,
    "target": 307,
    "type": "evolves_into"
  },
  {
    "source": 307,
    "target": 308,
    "type": "evolves_into"
  },
  {
    "source": 308,
    "target": 309,
    "type": "evolves_into"
  },
  {
    "source": 309,
    "target": 310,
    "type": "evolves_into"
  },
  {
    "source": 310,
    "target": 311,
    "type": "evolves_into"
  },
  {
    "source": 311,
    "target": 312,
    "type": "evolves_into"
  },
  {
    "source": 312,
    "target": 313,
    "type": "evolves_into"
  },
  {
    "source": 313,
    "target": 314,
    "type": "evolves_into"
  },
  {
    "source": 314,
    "target": 315,
    "type": "evolves_into"
  },
  {
    "source": 315,
    "target": 316,
    "type": "evolves_into"
  },
  {
    "source": 316,
    "target": 317,
    "type": "evolves_into"
  },
  {
    "source": 317,
    "target": 318,
    "type": "evolves_into"
  },
  {
    "source": 318,
    "target": 319,
    "type": "evolves_into"
  },
  {
    "source": 319,
    "target": 320,
    "type": "evolves_into"
  },
  {
    "source": 320,
    "target": 321,
    "type": "evolves_into"
  },
  {
    "source": 321,
    "target": 322,
    "type": "evolves_into"
  },
  {
    "source": 322,
    "target": 323,
    "type": "evolves_into"
  },
  {
    "source": 323,
    "target": 324,
    "type": "evolves_into"
  },
  {
    "source": 324,
    "target": 325,
    "type": "evolves_into"
  },
  {
    "source": 325,
    "target": 326,
    "type": "evolves_into"
  },
  {
    "source": 326,
    "target": 327,
    "type": "evolves_into"
  },
  {
    "source": 327,
    "target": 328,
    "type": "evolves_into"
  },
  {
    "source": 328,
    "target": 329,
    "type": "evolves_into"
  },
  {
    "source": 329,
    "target": 330,
    "type": "evolves_into"
  },
  {
    "source": 330,
    "target": 331,
    "type": "evolves_into"
  },
  {
    "source": 331,
    "target": 332,
    "type": "evolves_into"
  },
  {
    "source": 332,
    "target": 333,
    "type": "evolves_into"
  },
  {
    "source": 333,
    "target": 334,
    "type": "evolves_into"
  },
  {
    "source": 334,
    "target": 335,
    "type": "evolves_into"
  },
  {
    "source": 335,
    "target": 336,
    "type": "evolves_into"
  },
  {
    "source": 336,
    "target": 337,
    "type": "evolves_into"
  },
  {
    "source": 337,
    "target": 338,
    "type": "evolves_into"
  },
  {
    "source": 338,
    "target": 339,
    "type": "evolves_into"
  },
  {
    "source": 339,
    "target": 340,
    "type": "evolves_into"
  },
  {
    "source": 340,
    "target": 341,
    "type": "evolves_into"
  },
  {
    "source": 341,
    "target": 342,
    "type": "evolves_into"
  },
  {
    "source": 342,
    "target": 343,
    "type": "evolves_into"
  },
  {
    "source": 343,
    "target": 344,
    "type": "evolves_into"
  },
  {
    "source": 344,
    "target": 345,
    "type": "evolves_into"
  },
  {
    "source": 345,
    "target": 346,
    "type": "evolves_into"
  },
  {
    "source": 346,
    "target": 347,
    "type": "evolves_into"
  },
  {
    "source": 347,
    "target": 348,
    "type": "evolves_into"
  },
  {
    "source": 348,
    "target": 349,
    "type": "evolves_into"
  },
  {
    "source": 349,
    "target": 350,
    "type": "evolves_into"
  },
  {
    "source": 350,
    "target": 351,
    "type": "evolves_into"
  },
  {
    "source": 351,
    "target": 352,
    "type": "evolves_into"
  },
  {
    "source": 352,
    "target": 353,
    "type": "evolves_into"
  },
  {
    "source": 353,
    "target": 354,
    "type": "evolves_into"
  },
  {
    "source": 354,
    "target": 355,
    "type": "evolves_into"
  },
  {
    "source": 355,
    "target": 356,
    "type": "evolves_into"
  },
  {
    "source": 356,
    "target": 357,
    "type": "evolves_into"
  },
  {
    "source": 357,
    "target": 358,
    "type": "evolves_into"
  },
  {
    "source": 358,
    "target": 359,
    "type": "evolves_into"
  },
  {
    "source": 359,
    "target": 360,
    "type": "evolves_into"
  },
  {
    "source": 360,
    "target": 361,
    "type": "evolves_into"
  },
  {
    "source": 361,
    "target": 362,
    "type": "evolves_into"
  },
  {
    "source": 362,
    "target": 363,
    "type": "evolves_into"
  },
  {
    "source": 363,
    "target": 364,
    "type": "evolves_into"
  },
  {
    "source": 364,
    "target": 365,
    "type": "evolves_into"
  },
  {
    "source": 365,
    "target": 366,
    "type": "evolves_into"
  },
  {
    "source": 366,
    "target": 367,
    "type": "evolves_into"
  },
  {
    "source": 367,
    "target": 368,
    "type": "evolves_into"
  },
  {
    "source": 368,
    "target": 369,
    "type": "evolves_into"
  },
  {
    "source": 369,
    "target": 370,
    "type": "evolves_into"
  },
  {
    "source": 370,
    "target": 371,
    "type": "evolves_into"
  },
  {
    "source": 371,
    "target": 372,
    "type": "evolves_into"
  },
  {
    "source": 372,
    "target": 373,
    "type": "evolves_into"
  },
  {
    "source": 373,
    "target": 374,
    "type": "evolves_into"
  },
  {
    "source": 374,
    "target": 375,
    "type": "evolves_into"
  },
  {
    "source": 375,
    "target": 376,
    "type": "evolves_into"
  },
  {
    "source": 376,
    "target": 377,
    "type": "evolves_into"
  },
  {
    "source": 377,
    "target": 378,
    "type": "evolves_into"
  },
  {
    "source": 378,
    "target": 379,
    "type": "evolves_into"
  },
  {
    "source": 379,
    "target": 380,
    "type": "evolves_into"
  },
  {
    "source": 380,
    "target": 381,
    "type": "evolves_into"
  },
  {
    "source": 381,
    "target": 382,
    "type": "evolves_into"
  },
  {
    "source": 382,
    "target": 383,
    "type": "evolves_into"
  },
  {
    "source": 383,
    "target": 384,
    "type": "evolves_into"
  },
  {
    "source": 384,
    "target": 385,
    "type": "evolves_into"
  },
  {
    "source": 385,
    "target": 386,
    "type": "evolves_into"
  },
  {
    "source": 386,
    "target": 387,
    "type": "evolves_into"
  },
  {
    "source": 387,
    "target": 388,
    "type": "evolves_into"
  },
  {
    "source": 388,
    "target": 389,
    "type": "evolves_into"
  },
  {
    "source": 389,
    "target": 390,
    "type": "evolves_into"
  },
  {
    "source": 390,
    "target": 391,
    "type": "evolves_into"
  },
  {
    "source": 391,
    "target": 392,
    "type": "evolves_into"
  },
  {
    "source": 392,
    "target": 393,
    "type": "evolves_into"
  },
  {
    "source": 393,
    "target": 394,
    "type": "evolves_into"
  },
  {
    "source": 394,
    "target": 395,
    "type": "evolves_into"
  },
  {
    "source": 395,
    "target": 396,
    "type": "evolves_into"
  },
  {
    "source": 396,
    "target": 397,
    "type": "evolves_into"
  },
  {
    "source": 397,
    "target": 398,
    "type": "evolves_into"
  },
  {
    "source": 398,
    "target": 399,
    "type": "evolves_into"
  },
  {
    "source": 399,
    "target": 400,
    "type": "evolves_into"
  },
  {
    "source": 400,
    "target": 401,
    "type": "evolves_into"
  },
  {
    "source": 401,
    "target": 402,
    "type": "evolves_into"
  },
  {
    "source": 402,
    "target": 403,
    "type": "evolves_into"
  },
  {
    "source": 403,
    "target": 404,
    "type": "evolves_into"
  },
  {
    "source": 404,
    "target": 405,
    "type": "evolves_into"
  },
  {
    "source": 405,
    "target": 406,
    "type": "evolves_into"
  },
  {
    "source": 406,
    "target": 407,
    "type": "evolves_into"
  },
  {
    "source": 407,
    "target": 408,
    "type": "evolves_into"
  },
  {
    "source": 408,
    "target": 409,
    "type": "evolves_into"
  },
  {
    "source": 409,
    "target": 410,
    "type": "evolves_into"
  },
  {
    "source": 410,
    "target": 411,
    "type": "evolves_into"
  },
  {
    "source": 411,
    "target": 412,
    "type": "evolves_into"
  },
  {
    "source": 412,
    "target": 413,
    "type": "evolves_into"
  },
  {
    "source": 413,
    "target": 414,
    "type": "evolves_into"
  },
  {
    "source": 414,
    "target": 415,
    "type": "evolves_into"
  },
  {
    "source": 415,
    "target": 416,
    "type": "evolves_into"
  },
  {
    "source": 416,
    "target": 417,
    "type": "evolves_into"
  },
  {
    "source": 417,
    "target": 418,
    "type": "evolves_into"
  },
  {
    "source": 418,
    "target": 419,
    "type": "evolves_into"
  },
  {
    "source": 419,
    "target": 420,
    "type": "evolves_into"
  },
  {
    "source": 420,
    "target": 421,
    "type": "evolves_into"
  },
  {
    "source": 421,
    "target": 422,
    "type": "evolves_into"
  },
  {
    "source": 422,
    "target": 423,
    "type": "evolves_into"
  },
  {
    "source": 423,
    "target": 424,
    "type": "evolves_into"
  },
  {
    "source": 424,
    "target": 425,
    "type": "evolves_into"
  },
  {
    "source": 425,
    "target": 426,
    "type": "evolves_into"
  },
  {
    "source": 426,
    "target": 427,
    "type": "evolves_into"
  },
  {
    "source": 427,
    "target": 428,
    "type": "evolves_into"
  },
  {
    "source": 428,
    "target": 429,
    "type": "evolves_into"
  },
  {
    "source": 429,
    "target": 430,
    "type": "evolves_into"
  },
  {
    "source": 430,
    "target": 431,
    "type": "evolves_into"
  },
  {
    "source": 431,
    "target": 432,
    "type": "evolves_into"
  },
  {
    "source": 432,
    "target": 433,
    "type": "evolves_into"
  },
  {
    "source": 433,
    "target": 434,
    "type": "evolves_into"
  },
  {
    "source": 434,
    "target": 435,
    "type": "evolves_into"
  },
  {
    "source": 435,
    "target": 436,
    "type": "evolves_into"
  },
  {
    "source": 436,
    "target": 437,
    "type": "evolves_into"
  },
  {
    "source": 437,
    "target": 438,
    "type": "evolves_into"
  },
  {
    "source": 438,
    "target": 439,
    "type": "evolves_into"
  },
  {
    "source": 439,
    "target": 440,
    "type": "evolves_into"
  },
  {
    "source": 440,
    "target": 441,
    "type": "evolves_into"
  },
  {
    "source": 441,
    "target": 442,
    "type": "evolves_into"
  },
  {
    "source": 442,
    "target": 443,
    "type": "evolves_into"
  },
  {
    "source": 443,
    "target": 444,
    "type": "evolves_into"
  },
  {
    "source": 444,
    "target": 445,
    "type": "evolves_into"
  },
  {
    "source": 445,
    "target": 446,
    "type": "evolves_into"
  },
  {
    "source": 446,
    "target": 447,
    "type": "evolves_into"
  },
  {
    "source": 447,
    "target": 448,
    "type": "evolves_into"
  },
  {
    "source": 448,
    "target": 449,
    "type": "evolves_into"
  },
  {
    "source": 449,
    "target": 450,
    "type": "evolves_into"
  },
  {
    "source": 450,
    "target": 451,
    "type": "evolves_into"
  },
  {
    "source": 451,
    "target": 452,
    "type": "evolves_into"
  },
  {
    "source": 452,
    "target": 453,
    "type": "evolves_into"
  },
  {
    "source": 453,
    "target": 454,
    "type": "evolves_into"
  },
  {
    "source": 454,
    "target": 455,
    "type": "evolves_into"
  },
  {
    "source": 455,
    "target": 456,
    "type": "evolves_into"
  },
  {
    "source": 456,
    "target": 457,
    "type": "evolves_into"
  },
  {
    "source": 457,
    "target": 458,
    "type": "evolves_into"
  },
  {
    "source": 458,
    "target": 459,
    "type": "evolves_into"
  },
  {
    "source": 459,
    "target": 460,
    "type": "evolves_into"
  },
  {
    "source": 460,
    "target": 461,
    "type": "evolves_into"
  },
  {
    "source": 461,
    "target": 462,
    "type": "evolves_into"
  },
  {
    "source": 462,
    "target": 463,
    "type": "evolves_into"
  },
  {
    "source": 463,
    "target": 464,
    "type": "evolves_into"
  },
  {
    "source": 464,
    "target": 465,
    "type": "evolves_into"
  },
  {
    "source": 465,
    "target": 466,
    "type": "evolves_into"
  },
  {
    "source": 466,
    "target": 467,
    "type": "evolves_into"
  },
  {
    "source": 467,
    "target": 468,
    "type": "evolves_into"
  },
  {
    "source": 468,
    "target": 469,
    "type": "evolves_into"
  },
  {
    "source": 469,
    "target": 470,
    "type": "evolves_into"
  },
  {
    "source": 470,
    "target": 471,
    "type": "evolves_into"
  },
  {
    "source": 471,
    "target": 472,
    "type": "evolves_into"
  },
  {
    "source": 472,
    "target": 473,
    "type": "evolves_into"
  },
  {
    "source": 473,
    "target": 474,
    "type": "evolves_into"
  },
  {
    "source": 474,
    "target": 475,
    "type": "evolves_into"
  },
  {
    "source": 475,
    "target": 476,
    "type": "evolves_into"
  },
  {
    "source": 476,
    "target": 477,
    "type": "evolves_into"
  },
  {
    "source": 477,
    "target": 478,
    "type": "evolves_into"
  },
  {
    "source": 478,
    "target": 479,
    "type": "evolves_into"
  },
  {
    "source": 479,
    "target": 480,
    "type": "evolves_into"
  },
  {
    "source": 480,
    "target": 481,
    "type": "evolves_into"
  },
  {
    "source": 481,
    "target": 482,
    "type": "evolves_into"
  },
  {
    "source": 482,
    "target": 483,
    "type": "evolves_into"
  },
  {
    "source": 483,
    "target": 484,
    "type": "evolves_into"
  },
  {
    "source": 484,
    "target": 485,
    "type": "evolves_into"
  },
  {
    "source": 485,
    "target": 486,
    "type": "evolves_into"
  },
  {
    "source": 486,
    "target": 487,
    "type": "evolves_into"
  },
  {
    "source": 487,
    "target": 488,
    "type": "evolves_into"
  },
  {
    "source": 488,
    "target": 489,
    "type": "evolves_into"
  },
  {
    "source": 489,
    "target": 490,
    "type": "evolves_into"
  },
  {
    "source": 490,
    "target": 491,
    "type": "evolves_into"
  },
  {
    "source": 491,
    "target": 492,
    "type": "evolves_into"
  },
  {
    "source": 492,
    "target": 493,
    "type": "evolves_into"
  },
  {
    "source": 493,
    "target": 494,
    "type": "evolves_into"
  },
  {
    "source": 494,
    "target": 495,
    "type": "evolves_into"
  },
  {
    "source": 495,
    "target": 496,
    "type": "evolves_into"
  },
  {
    "source": 496,
    "target": 497,
    "type": "evolves_into"
  },
  {
    "source": 497,
    "target": 498,
    "type": "evolves_into"
  },
  {
    "source": 498,
    "target": 499,
    "type": "evolves_into"
  },
  {
    "source": 499,
    "target": 500,
    "type": "evolves_into"
  },
  {
    "source": 500,
    "target": 501,
    "type": "evolves_into"
  },
  {
    "source": 501,
    "target": 502,
    "type": "evolves_into"
  },
  {
    "source": 502,
    "target": 503,
    "type": "evolves_into"
  },
  {
    "source": 503,
    "target": 504,
    "type": "evolves_into"
  },
  {
    "source": 504,
    "target": 505,
    "type": "evolves_into"
  },
  {
    "source": 505,
    "target": 506,
    "type": "evolves_into"
  },
  {
    "source": 506,
    "target": 507,
    "type": "evolves_into"
  },
  {
    "source": 507,
    "target": 508,
    "type": "evolves_into"
  },
  {
    "source": 508,
    "target": 509,
    "type": "evolves_into"
  },
  {
    "source": 509,
    "target": 510,
    "type": "evolves_into"
  },
  {
    "source": 510,
    "target": 511,
    "type": "evolves_into"
  },
  {
    "source": 511,
    "target": 512,
    "type": "evolves_into"
  },
  {
    "source": 512,
    "target": 513,
    "type": "evolves_into"
  },
  {
    "source": 513,
    "target": 514,
    "type": "evolves_into"
  },
  {
    "source": 514,
    "target": 515,
    "type": "evolves_into"
  },
  {
    "source": 515,
    "target": 516,
    "type": "evolves_into"
  },
  {
    "source": 516,
    "target": 517,
    "type": "evolves_into"
  },
  {
    "source": 517,
    "target": 518,
    "type": "evolves_into"
  },
  {
    "source": 518,
    "target": 519,
    "type": "evolves_into"
  },
  {
    "source": 519,
    "target": 520,
    "type": "evolves_into"
  },
  {
    "source": 520,
    "target": 521,
    "type": "evolves_into"
  },
  {
    "source": 521,
    "target": 522,
    "type": "evolves_into"
  },
  {
    "source": 522,
    "target": 523,
    "type": "evolves_into"
  },
  {
    "source": 523,
    "target": 524,
    "type": "evolves_into"
  },
  {
    "source": 524,
    "target": 525,
    "type": "evolves_into"
  },
  {
    "source": 525,
    "target": 526,
    "type": "evolves_into"
  },
  {
    "source": 526,
    "target": 527,
    "type": "evolves_into"
  },
  {
    "source": 527,
    "target": 528,
    "type": "evolves_into"
  },
  {
    "source": 528,
    "target": 529,
    "type": "evolves_into"
  },
  {
    "source": 529,
    "target": 530,
    "type": "evolves_into"
  },
  {
    "source": 530,
    "target": 531,
    "type": "evolves_into"
  },
  {
    "source": 531,
    "target": 532,
    "type": "evolves_into"
  },
  {
    "source": 532,
    "target": 533,
    "type": "evolves_into"
  },
  {
    "source": 533,
    "target": 534,
    "type": "evolves_into"
  },
  {
    "source": 534,
    "target": 535,
    "type": "evolves_into"
  },
  {
    "source": 535,
    "target": 536,
    "type": "evolves_into"
  },
  {
    "source": 536,
    "target": 537,
    "type": "evolves_into"
  },
  {
    "source": 537,
    "target": 538,
    "type": "evolves_into"
  },
  {
    "source": 538,
    "target": 539,
    "type": "evolves_into"
  },
  {
    "source": 539,
    "target": 540,
    "type": "evolves_into"
  },
  {
    "source": 540,
    "target": 541,
    "type": "evolves_into"
  },
  {
    "source": 541,
    "target": 542,
    "type": "evolves_into"
  },
  {
    "source": 542,
    "target": 543,
    "type": "evolves_into"
  },
  {
    "source": 543,
    "target": 544,
    "type": "evolves_into"
  },
  {
    "source": 544,
    "target": 545,
    "type": "evolves_into"
  },
  {
    "source": 545,
    "target": 546,
    "type": "evolves_into"
  },
  {
    "source": 546,
    "target": 547,
    "type": "evolves_into"
  },
  {
    "source": 547,
    "target": 548,
    "type": "evolves_into"
  },
  {
    "source": 548,
    "target": 549,
    "type": "evolves_into"
  },
  {
    "source": 549,
    "target": 550,
    "type": "evolves_into"
  },
  {
    "source": 550,
    "target": 551,
    "type": "evolves_into"
  },
  {
    "source": 551,
    "target": 552,
    "type": "evolves_into"
  },
  {
    "source": 552,
    "target": 553,
    "type": "evolves_into"
  },
  {
    "source": 553,
    "target": 554,
    "type": "evolves_into"
  },
  {
    "source": 554,
    "target": 555,
    "type": "evolves_into"
  },
  {
    "source": 555,
    "target": 556,
    "type": "evolves_into"
  },
  {
    "source": 556,
    "target": 557,
    "type": "evolves_into"
  },
  {
    "source": 557,
    "target": 558,
    "type": "evolves_into"
  },
  {
    "source": 558,
    "target": 559,
    "type": "evolves_into"
  },
  {
    "source": 559,
    "target": 560,
    "type": "evolves_into"
  },
  {
    "source": 560,
    "target": 561,
    "type": "evolves_into"
  },
  {
    "source": 561,
    "target": 562,
    "type": "evolves_into"
  },
  {
    "source": 562,
    "target": 563,
    "type": "evolves_into"
  },
  {
    "source": 563,
    "target": 564,
    "type": "evolves_into"
  },
  {
    "source": 564,
    "target": 565,
    "type": "evolves_into"
  },
  {
    "source": 565,
    "target": 566,
    "type": "evolves_into"
  },
  {
    "source": 566,
    "target": 567,
    "type": "evolves_into"
  },
  {
    "source": 567,
    "target": 568,
    "type": "evolves_into"
  },
  {
    "source": 568,
    "target": 569,
    "type": "evolves_into"
  },
  {
    "source": 569,
    "target": 570,
    "type": "evolves_into"
  },
  {
    "source": 570,
    "target": 571,
    "type": "evolves_into"
  },
  {
    "source": 571,
    "target": 572,
    "type": "evolves_into"
  },
  {
    "source": 572,
    "target": 573,
    "type": "evolves_into"
  },
  {
    "source": 573,
    "target": 574,
    "type": "evolves_into"
  },
  {
    "source": 574,
    "target": 575,
    "type": "evolves_into"
  },
  {
    "source": 575,
    "target": 576,
    "type": "evolves_into"
  },
  {
    "source": 576,
    "target": 577,
    "type": "evolves_into"
  },
  {
    "source": 577,
    "target": 578,
    "type": "evolves_into"
  },
  {
    "source": 578,
    "target": 579,
    "type": "evolves_into"
  },
  {
    "source": 579,
    "target": 580,
    "type": "evolves_into"
  },
  {
    "source": 580,
    "target": 581,
    "type": "evolves_into"
  },
  {
    "source": 581,
    "target": 582,
    "type": "evolves_into"
  },
  {
    "source": 582,
    "target": 583,
    "type": "evolves_into"
  },
  {
    "source": 583,
    "target": 584,
    "type": "evolves_into"
  },
  {
    "source": 584,
    "target": 585,
    "type": "evolves_into"
  },
  {
    "source": 585,
    "target": 586,
    "type": "evolves_into"
  },
  {
    "source": 586,
    "target": 587,
    "type": "evolves_into"
  },
  {
    "source": 587,
    "target": 588,
    "type": "evolves_into"
  },
  {
    "source": 588,
    "target": 589,
    "type": "evolves_into"
  },
  {
    "source": 589,
    "target": 590,
    "type": "evolves_into"
  },
  {
    "source": 590,
    "target": 591,
    "type": "evolves_into"
  },
  {
    "source": 591,
    "target": 592,
    "type": "evolves_into"
  },
  {
    "source": 592,
    "target": 593,
    "type": "evolves_into"
  },
  {
    "source": 593,
    "target": 594,
    "type": "evolves_into"
  },
  {
    "source": 594,
    "target": 595,
    "type": "evolves_into"
  },
  {
    "source": 595,
    "target": 596,
    "type": "evolves_into"
  },
  {
    "source": 596,
    "target": 597,
    "type": "evolves_into"
  },
  {
    "source": 597,
    "target": 598,
    "type": "evolves_into"
  },
  {
    "source": 598,
    "target": 599,
    "type": "evolves_into"
  },
  {
    "source": 599,
    "target": 600,
    "type": "evolves_into"
  },
  {
    "source": 600,
    "target": 601,
    "type": "evolves_into"
  },
  {
    "source": 601,
    "target": 602,
    "type": "evolves_into"
  },
  {
    "source": 602,
    "target": 603,
    "type": "evolves_into"
  },
  {
    "source": 603,
    "target": 604,
    "type": "evolves_into"
  },
  {
    "source": 604,
    "target": 605,
    "type": "evolves_into"
  },
  {
    "source": 605,
    "target": 606,
    "type": "evolves_into"
  },
  {
    "source": 606,
    "target": 607,
    "type": "evolves_into"
  },
  {
    "source": 607,
    "target": 608,
    "type": "evolves_into"
  },
  {
    "source": 608,
    "target": 609,
    "type": "evolves_into"
  },
  {
    "source": 609,
    "target": 610,
    "type": "evolves_into"
  },
  {
    "source": 610,
    "target": 611,
    "type": "evolves_into"
  },
  {
    "source": 611,
    "target": 612,
    "type": "evolves_into"
  },
  {
    "source": 612,
    "target": 613,
    "type": "evolves_into"
  },
  {
    "source": 613,
    "target": 614,
    "type": "evolves_into"
  },
  {
    "source": 614,
    "target": 615,
    "type": "evolves_into"
  },
  {
    "source": 615,
    "target": 616,
    "type": "evolves_into"
  },
  {
    "source": 616,
    "target": 617,
    "type": "evolves_into"
  },
  {
    "source": 617,
    "target": 618,
    "type": "evolves_into"
  },
  {
    "source": 618,
    "target": 619,
    "type": "evolves_into"
  },
  {
    "source": 619,
    "target": 620,
    "type": "evolves_into"
  },
  {
    "source": 620,
    "target": 621,
    "type": "evolves_into"
  },
  {
    "source": 621,
    "target": 622,
    "type": "evolves_into"
  },
  {
    "source": 622,
    "target": 623,
    "type": "evolves_into"
  },
  {
    "source": 623,
    "target": 624,
    "type": "evolves_into"
  },
  {
    "source": 624,
    "target": 625,
    "type": "evolves_into"
  },
  {
    "source": 625,
    "target": 626,
    "type": "evolves_into"
  },
  {
    "source": 626,
    "target": 627,
    "type": "evolves_into"
  },
  {
    "source": 627,
    "target": 628,
    "type": "evolves_into"
  },
  {
    "source": 628,
    "target": 629,
    "type": "evolves_into"
  },
  {
    "source": 629,
    "target": 630,
    "type": "evolves_into"
  },
  {
    "source": 630,
    "target": 631,
    "type": "evolves_into"
  },
  {
    "source": 631,
    "target": 632,
    "type": "evolves_into"
  },
  {
    "source": 632,
    "target": 633,
    "type": "evolves_into"
  },
  {
    "source": 633,
    "target": 634,
    "type": "evolves_into"
  },
  {
    "source": 634,
    "target": 635,
    "type": "evolves_into"
  },
  {
    "source": 635,
    "target": 636,
    "type": "evolves_into"
  },
  {
    "source": 636,
    "target": 637,
    "type": "evolves_into"
  },
  {
    "source": 637,
    "target": 638,
    "type": "evolves_into"
  },
  {
    "source": 638,
    "target": 639,
    "type": "evolves_into"
  },
  {
    "source": 639,
    "target": 640,
    "type": "evolves_into"
  },
  {
    "source": 640,
    "target": 641,
    "type": "evolves_into"
  },
  {
    "source": 641,
    "target": 642,
    "type": "evolves_into"
  },
  {
    "source": 642,
    "target": 643,
    "type": "evolves_into"
  },
  {
    "source": 643,
    "target": 644,
    "type": "evolves_into"
  },
  {
    "source": 644,
    "target": 645,
    "type": "evolves_into"
  },
  {
    "source": 645,
    "target": 646,
    "type": "evolves_into"
  },
  {
    "source": 646,
    "target": 647,
    "type": "evolves_into"
  },
  {
    "source": 647,
    "target": 648,
    "type": "evolves_into"
  },
  {
    "source": 648,
    "target": 649,
    "type": "evolves_into"
  },
  {
    "source": 649,
    "target": 650,
    "type": "evolves_into"
  },
  {
    "source": 650,
    "target": 651,
    "type": "evolves_into"
  },
  {
    "source": 651,
    "target": 652,
    "type": "evolves_into"
  },
  {
    "source": 652,
    "target": 653,
    "type": "evolves_into"
  },
  {
    "source": 653,
    "target": 654,
    "type": "evolves_into"
  },
  {
    "source": 654,
    "target": 655,
    "type": "evolves_into"
  },
  {
    "source": 655,
    "target": 656,
    "type": "evolves_into"
  },
  {
    "source": 656,
    "target": 657,
    "type": "evolves_into"
  },
  {
    "source": 657,
    "target": 658,
    "type": "evolves_into"
  },
  {
    "source": 658,
    "target": 659,
    "type": "evolves_into"
  },
  {
    "source": 659,
    "target": 660,
    "type": "evolves_into"
  },
  {
    "source": 660,
    "target": 661,
    "type": "evolves_into"
  },
  {
    "source": 661,
    "target": 662,
    "type": "evolves_into"
  },
  {
    "source": 662,
    "target": 663,
    "type": "evolves_into"
  },
  {
    "source": 663,
    "target": 664,
    "type": "evolves_into"
  },
  {
    "source": 664,
    "target": 665,
    "type": "evolves_into"
  },
  {
    "source": 665,
    "target": 666,
    "type": "evolves_into"
  },
  {
    "source": 666,
    "target": 667,
    "type": "evolves_into"
  },
  {
    "source": 667,
    "target": 668,
    "type": "evolves_into"
  },
  {
    "source": 668,
    "target": 669,
    "type": "evolves_into"
  },
  {
    "source": 669,
    "target": 670,
    "type": "evolves_into"
  },
  {
    "source": 670,
    "target": 671,
    "type": "evolves_into"
  },
  {
    "source": 671,
    "target": 672,
    "type": "evolves_into"
  },
  {
    "source": 672,
    "target": 673,
    "type": "evolves_into"
  },
  {
    "source": 673,
    "target": 674,
    "type": "evolves_into"
  },
  {
    "source": 674,
    "target": 675,
    "type": "evolves_into"
  },
  {
    "source": 675,
    "target": 676,
    "type": "evolves_into"
  },
  {
    "source": 676,
    "target": 677,
    "type": "evolves_into"
  },
  {
    "source": 677,
    "target": 678,
    "type": "evolves_into"
  },
  {
    "source": 678,
    "target": 679,
    "type": "evolves_into"
  },
  {
    "source": 679,
    "target": 680,
    "type": "evolves_into"
  },
  {
    "source": 680,
    "target": 681,
    "type": "evolves_into"
  },
  {
    "source": 681,
    "target": 682,
    "type": "evolves_into"
  },
  {
    "source": 682,
    "target": 683,
    "type": "evolves_into"
  },
  {
    "source": 683,
    "target": 684,
    "type": "evolves_into"
  },
  {
    "source": 684,
    "target": 685,
    "type": "evolves_into"
  },
  {
    "source": 685,
    "target": 686,
    "type": "evolves_into"
  },
  {
    "source": 686,
    "target": 687,
    "type": "evolves_into"
  },
  {
    "source": 687,
    "target": 688,
    "type": "evolves_into"
  },
  {
    "source": 688,
    "target": 689,
    "type": "evolves_into"
  },
  {
    "source": 689,
    "target": 690,
    "type": "evolves_into"
  },
  {
    "source": 690,
    "target": 691,
    "type": "evolves_into"
  },
  {
    "source": 691,
    "target": 692,
    "type": "evolves_into"
  },
  {
    "source": 692,
    "target": 693,
    "type": "evolves_into"
  },
  {
    "source": 693,
    "target": 694,
    "type": "evolves_into"
  },
  {
    "source": 694,
    "target": 695,
    "type": "evolves_into"
  },
  {
    "source": 695,
    "target": 696,
    "type": "evolves_into"
  },
  {
    "source": 696,
    "target": 697,
    "type": "evolves_into"
  },
  {
    "source": 697,
    "target": 698,
    "type": "evolves_into"
  },
  {
    "source": 698,
    "target": 699,
    "type": "evolves_into"
  },
  {
    "source": 699,
    "target": 700,
    "type": "evolves_into"
  },
  {
    "source": 700,
    "target": 701,
    "type": "evolves_into"
  },
  {
    "source": 701,
    "target": 702,
    "type": "evolves_into"
  },
  {
    "source": 702,
    "target": 703,
    "type": "evolves_into"
  },
  {
    "source": 703,
    "target": 704,
    "type": "evolves_into"
  },
  {
    "source": 704,
    "target": 705,
    "type": "evolves_into"
  },
  {
    "source": 705,
    "target": 706,
    "type": "evolves_into"
  },
  {
    "source": 706,
    "target": 707,
    "type": "evolves_into"
  },
  {
    "source": 707,
    "target": 708,
    "type": "evolves_into"
  },
  {
    "source": 708,
    "target": 709,
    "type": "evolves_into"
  },
  {
    "source": 709,
    "target": 710,
    "type": "evolves_into"
  },
  {
    "source": 710,
    "target": 711,
    "type": "evolves_into"
  },
  {
    "source": 711,
    "target": 712,
    "type": "evolves_into"
  },
  {
    "source": 712,
    "target": 713,
    "type": "evolves_into"
  },
  {
    "source": 713,
    "target": 714,
    "type": "evolves_into"
  },
  {
    "source": 714,
    "target": 715,
    "type": "evolves_into"
  },
  {
    "source": 715,
    "target": 716,
    "type": "evolves_into"
  },
  {
    "source": 716,
    "target": 717,
    "type": "evolves_into"
  },
  {
    "source": 717,
    "target": 718,
    "type": "evolves_into"
  },
  {
    "source": 718,
    "target": 719,
    "type": "evolves_into"
  },
  {
    "source": 719,
    "target": 720,
    "type": "evolves_into"
  },
  {
    "source": 720,
    "target": 721,
    "type": "evolves_into"
  },
  {
    "source": 721,
    "target": 722,
    "type": "evolves_into"
  },
  {
    "source": 722,
    "target": 723,
    "type": "evolves_into"
  },
  {
    "source": 723,
    "target": 724,
    "type": "evolves_into"
  },
  {
    "source": 724,
    "target": 725,
    "type": "evolves_into"
  },
  {
    "source": 725,
    "target": 726,
    "type": "evolves_into"
  },
  {
    "source": 726,
    "target": 727,
    "type": "evolves_into"
  },
  {
    "source": 727,
    "target": 728,
    "type": "evolves_into"
  },
  {
    "source": 728,
    "target": 729,
    "type": "evolves_into"
  },
  {
    "source": 729,
    "target": 730,
    "type": "evolves_into"
  },
  {
    "source": 730,
    "target": 731,
    "type": "evolves_into"
  },
  {
    "source": 731,
    "target": 732,
    "type": "evolves_into"
  },
  {
    "source": 732,
    "target": 733,
    "type": "evolves_into"
  },
  {
    "source": 733,
    "target": 734,
    "type": "evolves_into"
  },
  {
    "source": 734,
    "target": 735,
    "type": "evolves_into"
  },
  {
    "source": 735,
    "target": 736,
    "type": "evolves_into"
  },
  {
    "source": 736,
    "target": 737,
    "type": "evolves_into"
  },
  {
    "source": 737,
    "target": 738,
    "type": "evolves_into"
  },
  {
    "source": 738,
    "target": 739,
    "type": "evolves_into"
  },
  {
    "source": 739,
    "target": 740,
    "type": "evolves_into"
  },
  {
    "source": 740,
    "target": 741,
    "type": "evolves_into"
  },
  {
    "source": 741,
    "target": 742,
    "type": "evolves_into"
  },
  {
    "source": 742,
    "target": 743,
    "type": "evolves_into"
  },
  {
    "source": 743,
    "target": 744,
    "type": "evolves_into"
  },
  {
    "source": 744,
    "target": 745,
    "type": "evolves_into"
  },
  {
    "source": 745,
    "target": 746,
    "type": "evolves_into"
  },
  {
    "source": 746,
    "target": 747,
    "type": "evolves_into"
  },
  {
    "source": 747,
    "target": 748,
    "type": "evolves_into"
  },
  {
    "source": 748,
    "target": 749,
    "type": "evolves_into"
  },
  {
    "source": 749,
    "target": 750,
    "type": "evolves_into"
  },
  {
    "source": 750,
    "target": 751,
    "type": "evolves_into"
  },
  {
    "source": 751,
    "target": 752,
    "type": "evolves_into"
  },
  {
    "source": 752,
    "target": 753,
    "type": "evolves_into"
  },
  {
    "source": 753,
    "target": 754,
    "type": "evolves_into"
  },
  {
    "source": 754,
    "target": 755,
    "type": "evolves_into"
  },
  {
    "source": 755,
    "target": 756,
    "type": "evolves_into"
  },
  {
    "source": 756,
    "target": 757,
    "type": "evolves_into"
  },
  {
    "source": 757,
    "target": 758,
    "type": "evolves_into"
  },
  {
    "source": 758,
    "target": 759,
    "type": "evolves_into"
  },
  {
    "source": 759,
    "target": 760,
    "type": "evolves_into"
  },
  {
    "source": 760,
    "target": 761,
    "type": "evolves_into"
  },
  {
    "source": 761,
    "target": 762,
    "type": "evolves_into"
  },
  {
    "source": 762,
    "target": 763,
    "type": "evolves_into"
  },
  {
    "source": 763,
    "target": 764,
    "type": "evolves_into"
  },
  {
    "source": 764,
    "target": 765,
    "type": "evolves_into"
  },
  {
    "source": 765,
    "target": 766,
    "type": "evolves_into"
  },
  {
    "source": 766,
    "target": 767,
    "type": "evolves_into"
  },
  {
    "source": 767,
    "target": 768,
    "type": "evolves_into"
  },
  {
    "source": 768,
    "target": 769,
    "type": "evolves_into"
  },
  {
    "source": 769,
    "target": 770,
    "type": "evolves_into"
  },
  {
    "source": 770,
    "target": 771,
    "type": "evolves_into"
  },
  {
    "source": 771,
    "target": 772,
    "type": "evolves_into"
  },
  {
    "source": 772,
    "target": 773,
    "type": "evolves_into"
  },
  {
    "source": 773,
    "target": 774,
    "type": "evolves_into"
  },
  {
    "source": 774,
    "target": 775,
    "type": "evolves_into"
  },
  {
    "source": 775,
    "target": 776,
    "type": "evolves_into"
  },
  {
    "source": 776,
    "target": 777,
    "type": "evolves_into"
  },
  {
    "source": 777,
    "target": 778,
    "type": "evolves_into"
  },
  {
    "source": 778,
    "target": 779,
    "type": "evolves_into"
  },
  {
    "source": 779,
    "target": 780,
    "type": "evolves_into"
  },
  {
    "source": 780,
    "target": 781,
    "type": "evolves_into"
  },
  {
    "source": 781,
    "target": 782,
    "type": "evolves_into"
  },
  {
    "source": 782,
    "target": 783,
    "type": "evolves_into"
  },
  {
    "source": 783,
    "target": 784,
    "type": "evolves_into"
  },
  {
    "source": 784,
    "target": 785,
    "type": "evolves_into"
  },
  {
    "source": 785,
    "target": 786,
    "type": "evolves_into"
  },
  {
    "source": 786,
    "target": 787,
    "type": "evolves_into"
  },
  {
    "source": 787,
    "target": 788,
    "type": "evolves_into"
  },
  {
    "source": 788,
    "target": 789,
    "type": "evolves_into"
  },
  {
    "source": 789,
    "target": 790,
    "type": "evolves_into"
  },
  {
    "source": 790,
    "target": 791,
    "type": "evolves_into"
  },
  {
    "source": 791,
    "target": 792,
    "type": "evolves_into"
  },
  {
    "source": 792,
    "target": 793,
    "type": "evolves_into"
  },
  {
    "source": 793,
    "target": 794,
    "type": "evolves_into"
  },
  {
    "source": 794,
    "target": 795,
    "type": "evolves_into"
  },
  {
    "source": 795,
    "target": 796,
    "type": "evolves_into"
  },
  {
    "source": 796,
    "target": 797,
    "type": "evolves_into"
  },
  {
    "source": 797,
    "target": 798,
    "type": "evolves_into"
  },
  {
    "source": 798,
    "target": 799,
    "type": "evolves_into"
  },
  {
    "source": 799,
    "target": 800,
    "type": "evolves_into"
  },
  {
    "source": 800,
    "target": 801,
    "type": "evolves_into"
  }
]